Workbook

Sheet Scenarios
A1: 20 monthly earning scenarios for LieLie
A2: Sorted from lowest to highest month total. Blue cells are editable; everything else recalculates from them and the Assumptions tab.
D3: Inputs (count per month) | I3: Earnings | O3: Bonus and total
A4: # | B4: Scenario | C4: What happened | D4: Medication days | E4: College days attended | F4: Tidy room (weeks) | G4: Meals (weeks) | H4: Bathroom (weeks) | I4: Medication (£) | J4: College (£) | K4: Tidy room (£) | L4: Meals (£) | M4: Bathroom (£) | N4: Task earnings (£) | O4: College days missed | P4: Bonus (£) | Q4: Month total (£) | R4: % of max
A5: 1 | B5: Nothing done | C5: No tasks completed all month. | D5: 0 | E5: 0 | F5: 0 | G5: 0 | H5: 0 | I5: =D5*Assumptions!$B$5 -> 0 | J5: =E5*Assumptions!$B$6 -> 0 | K5: =F5*Assumptions!$B$7 -> 0 | L5: =G5*Assumptions!$B$8 -> 0 | M5: =H5*Assumptions!$B$9 -> 0 | N5: =SUM(I5:M5) -> 0 | O5: =Assumptions!$C$6-E5 -> 16 | P5: =IF(O5<=Assumptions!$B$13,Assumptions!$C$13,IF(O5<=Assumptions!$B$14,Assumptions!$C$14,IF(O5<=Assumptions!$B$15,Assumptions!$C$15,IF(O5<=Assumptions!$B$16,Assumptions!$C$16,Assumptions!$C$17)))) -> 0 | Q5: =N5+P5 -> 0 | R5: =IF(Assumptions!$D$19=0,0,Q5/Assumptions!$D$19) -> 0
A6: 2 | B6: Very poor | C6: A few mornings, rarely at college. | D6: 5 | E6: 2 | F6: 0 | G6: 0 | H6: 0 | I6: =D6*Assumptions!$B$5 -> 15 | J6: =E6*Assumptions!$B$6 -> 10 | K6: =F6*Assumptions!$B$7 -> 0 | L6: =G6*Assumptions!$B$8 -> 0 | M6: =H6*Assumptions!$B$9 -> 0 | N6: =SUM(I6:M6) -> 25 | O6: =Assumptions!$C$6-E6 -> 14 | P6: =IF(O6<=Assumptions!$B$13,Assumptions!$C$13,IF(O6<=Assumptions!$B$14,Assumptions!$C$14,IF(O6<=Assumptions!$B$15,Assumptions!$C$15,IF(O6<=Assumptions!$B$16,Assumptions!$C$16,Assumptions!$C$17)))) -> 0 | Q6: =N6+P6 -> 25 | R6: =IF(Assumptions!$D$19=0,0,Q6/Assumptions!$D$19) -> 0.077399381
A7: 3 | B7: Very poor | C7: Occasional mornings, one chore. | D7: 8 | E7: 4 | F7: 1 | G7: 0 | H7: 0 | I7: =D7*Assumptions!$B$5 -> 24 | J7: =E7*Assumptions!$B$6 -> 20 | K7: =F7*Assumptions!$B$7 -> 5 | L7: =G7*Assumptions!$B$8 -> 0 | M7: =H7*Assumptions!$B$9 -> 0 | N7: =SUM(I7:M7) -> 49 | O7: =Assumptions!$C$6-E7 -> 12 | P7: =IF(O7<=Assumptions!$B$13,Assumptions!$C$13,IF(O7<=Assumptions!$B$14,Assumptions!$C$14,IF(O7<=Assumptions!$B$15,Assumptions!$C$15,IF(O7<=Assumptions!$B$16,Assumptions!$C$16,Assumptions!$C$17)))) -> 0 | Q7: =N7+P7 -> 49 | R7: =IF(Assumptions!$D$19=0,0,Q7/Assumptions!$D$19) -> 0.15170279
A8: 4 | B8: Poor | C8: About a third of mornings; under a third of college. | D8: 10 | E8: 5 | F8: 1 | G8: 1 | H8: 0 | I8: =D8*Assumptions!$B$5 -> 30 | J8: =E8*Assumptions!$B$6 -> 25 | K8: =F8*Assumptions!$B$7 -> 5 | L8: =G8*Assumptions!$B$8 -> 10 | M8: =H8*Assumptions!$B$9 -> 0 | N8: =SUM(I8:M8) -> 70 | O8: =Assumptions!$C$6-E8 -> 11 | P8: =IF(O8<=Assumptions!$B$13,Assumptions!$C$13,IF(O8<=Assumptions!$B$14,Assumptions!$C$14,IF(O8<=Assumptions!$B$15,Assumptions!$C$15,IF(O8<=Assumptions!$B$16,Assumptions!$C$16,Assumptions!$C$17)))) -> 0 | Q8: =N8+P8 -> 70 | R8: =IF(Assumptions!$D$19=0,0,Q8/Assumptions!$D$19) -> 0.21671827
A9: 5 | B9: Poor | C9: Patchy routine, one of each chore. | D9: 12 | E9: 6 | F9: 1 | G9: 1 | H9: 1 | I9: =D9*Assumptions!$B$5 -> 36 | J9: =E9*Assumptions!$B$6 -> 30 | K9: =F9*Assumptions!$B$7 -> 5 | L9: =G9*Assumptions!$B$8 -> 10 | M9: =H9*Assumptions!$B$9 -> 10 | N9: =SUM(I9:M9) -> 91 | O9: =Assumptions!$C$6-E9 -> 10 | P9: =IF(O9<=Assumptions!$B$13,Assumptions!$C$13,IF(O9<=Assumptions!$B$14,Assumptions!$C$14,IF(O9<=Assumptions!$B$15,Assumptions!$C$15,IF(O9<=Assumptions!$B$16,Assumptions!$C$16,Assumptions!$C$17)))) -> 0 | Q9: =N9+P9 -> 91 | R9: =IF(Assumptions!$D$19=0,0,Q9/Assumptions!$D$19) -> 0.28173375
A10: 6 | B10: Poor | C10: Under half of mornings and college. | D10: 14 | E10: 7 | F10: 2 | G10: 1 | H10: 1 | I10: =D10*Assumptions!$B$5 -> 42 | J10: =E10*Assumptions!$B$6 -> 35 | K10: =F10*Assumptions!$B$7 -> 10 | L10: =G10*Assumptions!$B$8 -> 10 | M10: =H10*Assumptions!$B$9 -> 10 | N10: =SUM(I10:M10) -> 107 | O10: =Assumptions!$C$6-E10 -> 9 | P10: =IF(O10<=Assumptions!$B$13,Assumptions!$C$13,IF(O10<=Assumptions!$B$14,Assumptions!$C$14,IF(O10<=Assumptions!$B$15,Assumptions!$C$15,IF(O10<=Assumptions!$B$16,Assumptions!$C$16,Assumptions!$C$17)))) -> 0 | Q10: =N10+P10 -> 107 | R10: =IF(Assumptions!$D$19=0,0,Q10/Assumptions!$D$19) -> 0.33126935
A11: 7 | B11: Below average | C11: Half of college days, some chores. | D11: 16 | E11: 8 | F11: 2 | G11: 2 | H11: 1 | I11: =D11*Assumptions!$B$5 -> 48 | J11: =E11*Assumptions!$B$6 -> 40 | K11: =F11*Assumptions!$B$7 -> 10 | L11: =G11*Assumptions!$B$8 -> 20 | M11: =H11*Assumptions!$B$9 -> 10 | N11: =SUM(I11:M11) -> 128 | O11: =Assumptions!$C$6-E11 -> 8 | P11: =IF(O11<=Assumptions!$B$13,Assumptions!$C$13,IF(O11<=Assumptions!$B$14,Assumptions!$C$14,IF(O11<=Assumptions!$B$15,Assumptions!$C$15,IF(O11<=Assumptions!$B$16,Assumptions!$C$16,Assumptions!$C$17)))) -> 0 | Q11: =N11+P11 -> 128 | R11: =IF(Assumptions!$D$19=0,0,Q11/Assumptions!$D$19) -> 0.39628483
A12: 8 | B12: College only | C12: Every college day but nothing else: £50 bonus. | D12: 0 | E12: 16 | F12: 0 | G12: 0 | H12: 0 | I12: =D12*Assumptions!$B$5 -> 0 | J12: =E12*Assumptions!$B$6 -> 80 | K12: =F12*Assumptions!$B$7 -> 0 | L12: =G12*Assumptions!$B$8 -> 0 | M12: =H12*Assumptions!$B$9 -> 0 | N12: =SUM(I12:M12) -> 80 | O12: =Assumptions!$C$6-E12 -> 0 | P12: =IF(O12<=Assumptions!$B$13,Assumptions!$C$13,IF(O12<=Assumptions!$B$14,Assumptions!$C$14,IF(O12<=Assumptions!$B$15,Assumptions!$C$15,IF(O12<=Assumptions!$B$16,Assumptions!$C$16,Assumptions!$C$17)))) -> 50 | Q12: =N12+P12 -> 130 | R12: =IF(Assumptions!$D$19=0,0,Q12/Assumptions!$D$19) -> 0.40247678
A13: 9 | B13: Below average | C13: Just over half of mornings; 7 college days missed, one too many for the £10 bonus. | D13: 18 | E13: 9 | F13: 2 | G13: 2 | H13: 2 | I13: =D13*Assumptions!$B$5 -> 54 | J13: =E13*Assumptions!$B$6 -> 45 | K13: =F13*Assumptions!$B$7 -> 10 | L13: =G13*Assumptions!$B$8 -> 20 | M13: =H13*Assumptions!$B$9 -> 20 | N13: =SUM(I13:M13) -> 149 | O13: =Assumptions!$C$6-E13 -> 7 | P13: =IF(O13<=Assumptions!$B$13,Assumptions!$C$13,IF(O13<=Assumptions!$B$14,Assumptions!$C$14,IF(O13<=Assumptions!$B$15,Assumptions!$C$15,IF(O13<=Assumptions!$B$16,Assumptions!$C$16,Assumptions!$C$17)))) -> 0 | Q13: =N13+P13 -> 149 | R13: =IF(Assumptions!$D$19=0,0,Q13/Assumptions!$D$19) -> 0.46130031
A14: 10 | B14: Fair | C14: Two-thirds of mornings; 6 college days missed: £10 bonus. | D14: 20 | E14: 10 | F14: 3 | G14: 2 | H14: 2 | I14: =D14*Assumptions!$B$5 -> 60 | J14: =E14*Assumptions!$B$6 -> 50 | K14: =F14*Assumptions!$B$7 -> 15 | L14: =G14*Assumptions!$B$8 -> 20 | M14: =H14*Assumptions!$B$9 -> 20 | N14: =SUM(I14:M14) -> 165 | O14: =Assumptions!$C$6-E14 -> 6 | P14: =IF(O14<=Assumptions!$B$13,Assumptions!$C$13,IF(O14<=Assumptions!$B$14,Assumptions!$C$14,IF(O14<=Assumptions!$B$15,Assumptions!$C$15,IF(O14<=Assumptions!$B$16,Assumptions!$C$16,Assumptions!$C$17)))) -> 10 | Q14: =N14+P14 -> 175 | R14: =IF(Assumptions!$D$19=0,0,Q14/Assumptions!$D$19) -> 0.54179567
A15: 11 | B15: Chores only | C15: All weekly chores, most mornings, but no college (16 missed). | D15: 25 | E15: 0 | F15: 4 | G15: 4 | H15: 4 | I15: =D15*Assumptions!$B$5 -> 75 | J15: =E15*Assumptions!$B$6 -> 0 | K15: =F15*Assumptions!$B$7 -> 20 | L15: =G15*Assumptions!$B$8 -> 40 | M15: =H15*Assumptions!$B$9 -> 40 | N15: =SUM(I15:M15) -> 175 | O15: =Assumptions!$C$6-E15 -> 16 | P15: =IF(O15<=Assumptions!$B$13,Assumptions!$C$13,IF(O15<=Assumptions!$B$14,Assumptions!$C$14,IF(O15<=Assumptions!$B$15,Assumptions!$C$15,IF(O15<=Assumptions!$B$16,Assumptions!$C$16,Assumptions!$C$17)))) -> 0 | Q15: =N15+P15 -> 175 | R15: =IF(Assumptions!$D$19=0,0,Q15/Assumptions!$D$19) -> 0.54179567
A16: 12 | B16: Fair | C16: 5 college days missed: £10 bonus. | D16: 22 | E16: 11 | F16: 3 | G16: 3 | H16: 2 | I16: =D16*Assumptions!$B$5 -> 66 | J16: =E16*Assumptions!$B$6 -> 55 | K16: =F16*Assumptions!$B$7 -> 15 | L16: =G16*Assumptions!$B$8 -> 30 | M16: =H16*Assumptions!$B$9 -> 20 | N16: =SUM(I16:M16) -> 186 | O16: =Assumptions!$C$6-E16 -> 5 | P16: =IF(O16<=Assumptions!$B$13,Assumptions!$C$13,IF(O16<=Assumptions!$B$14,Assumptions!$C$14,IF(O16<=Assumptions!$B$15,Assumptions!$C$15,IF(O16<=Assumptions!$B$16,Assumptions!$C$16,Assumptions!$C$17)))) -> 10 | Q16: =N16+P16 -> 196 | R16: =IF(Assumptions!$D$19=0,0,Q16/Assumptions!$D$19) -> 0.60681115
... A24: 20 | B24: Perfect | C24: Every task, every day. No college days missed: £50 bonus. | D24: 31 | E24: 16 | F24: 4 | G24: 4 | H24: 4 | I24: =D24*Assumptions!$B$5 -> 93 | J24: =E24*Assumptions!$B$6 -> 80 | K24: =F24*Assumptions!$B$7 -> 20 | L24: =G24*Assumptions!$B$8 -> 40 | M24: =H24*Assumptions!$B$9 -> 40 | N24: =SUM(I24:M24) -> 273 | O24: =Assumptions!$C$6-E24 -> 0 | P24: =IF(O24<=Assumptions!$B$13,Assumptions!$C$13,IF(O24<=Assumptions!$B$14,Assumptions!$C$14,IF(O24<=Assumptions!$B$15,Assumptions!$C$15,IF(O24<=Assumptions!$B$16,Assumptions!$C$16,Assumptions!$C$17)))) -> 50 | Q24: =N24+P24 -> 323 | R24: =IF(Assumptions!$D$19=0,0,Q24/Assumptions!$D$19) -> 1
B26: Average of the 20 scenarios | N26: =AVERAGE(N5:N24) -> 155.9 | P26: =AVERAGE(P5:P24) -> 15 | Q26: =AVERAGE(Q5:Q24) -> 170.9
B27: Maximum possible | N27: =Assumptions!D10 -> 273 | P27: =Assumptions!C13 -> 50 | Q27: =Assumptions!D19 -> 323

Sheet Assumptions
A1: LieLie incentive — monthly assumptions
A2: Blue cells are inputs taken from the agreed reward model in the app. Change them and every scenario recalculates.
A4: Task | B4: Value per completion (£) | C4: Max times per month | D4: Monthly max (£)
A5: Medication (morning routine) | B5: 3 | C5: 31 | D5: =B5*C5 -> 93
A6: College attendance | B6: 5 | C6: 16 | D6: =B6*C6 -> 80
A7: Tidy room | B7: 5 | C7: 4 | D7: =B7*C7 -> 20
A8: Meal preparation | B8: 10 | C8: 4 | D8: =B8*C8 -> 40
A9: Clean bathroom | B9: 10 | C9: 4 | D9: =B9*C9 -> 40
A10: Task earnings maximum | D10: =SUM(D5:D9) -> 273
A12: Attendance bonus level | B12: Max college days missed | C12: Bonus (£)
A13: No days missed | B13: 0 | C13: 50
A14: 1–2 days missed | B14: 2 | C14: 30
A15: 3–4 days missed | B15: 4 | C15: 20
A16: 5–6 days missed | B16: 6 | C16: 10
A17: 7 or more days missed | B17: 99 | C17: 0
A19: Maximum month total (tasks + top bonus) | D19: =D10+C13 -> 323
A21: How the app calculates it
A22: • Every completed task adds its value. Missed tasks add £0 and never remove earlier earnings.
A23: • The bonus depends only on college days missed: every two missed days drops one level. Excused days never count as missed.
A24: • Only one level is paid: the one matching the number of days missed (7 or more missed pays no bonus). 99 in the table just means “any number above 6”.
A25: • During the month the bonus is indicative; it is released on the 1st of the following month.
A26: • Scenarios assume a 31-day month, 16 college days and no excused days. Days missed = 16 minus days attended.
